{

	"oPurchasingData": {
		"sPurchaseOrganization": "",
		"sPurchaseOrganizationKey": "",
		"sOrderCurrency": "",
		"sOrderCurrencyKey": "",
		"sTermsOfPayment": "",
		"sTermsOfPaymentKey": "",
		"sIncoterms": "",
	    "sIncotermsKey": "",
		"sMinimumOrderValue": "",
		"sSchemaGroupVendor": "",
		"sPricingDateControl": "",
		"sPricingDateControlKey": "",
		"sOrderOptimRest": "",
		"sABCIndicator": "",
		"sModeOfTrnsprtBorder": "",
		"sModeOfTrnsprtBorderKey": "",
		"sOfficeOfEntry": "",
		"sOfficeOfEntryKey": "",
		"sSortCriterion": "",
		"sPROACTControlProf": "",
		"sShippingConditions": "",
		"sShippingConditionsKey": "",
		"sPurchasingGroup": "",
		"sPurchasingGroupKey": "",
		"sPlannedDelivTime": "",
		"sConfirmationControl": "",
		"sUnitOfMeasureGrp": "",
		"sRoundingProfile": "",
		"sPriceMarkingAgreed": "",
		"sServLevel": "",
		"sAccWithVendor": "",
		"aAddPartner": [{
			"sPartner": "",
			"sName": "",
			"sNumber": "",
			"sName1": ""

		}]
	},

	"oInput": {
		"isEditable": false

	},

	"oPurchaseInput": {
		"isEditable": true
	},
	"oDialog": {
		"sFilterLabel": "",
		"sDialogDes": "",
		"sDialogKey": "",
		"sTitle": ""
	},
	"sSelectedInput": "",
 "bError": false,

	"oTermsOfPayment": {
		"cols": [{
			"label": "Own Explanation",
			"template": "OwnExplanation",
			"width": "15rem"
		}, {
			"label": "Terms of Payment",
			"template": "PaymentTerms"
		}]
	},
	"oPurchasingGroup": {
		"cols": [{
			"label": "Purchasing Group",
			"template": "PurchasingGroup"
		}, {
			"label": "Description",
			"template": "Description"
		}]
	},
	"oPartnerFunctions": {
		"cols": [{
			"label": "Partner Functions",
			"template": "PartnerFunction"
		}, {
			"label": "Unique Master Data",
			"template": "UniqueMasterData"
		}, {
			"label": "Higher Level Partner Function",
			"template": "HigherLevelPartnerFunction"
		}]
	},

	"oPricingDateControl": {
		"cols": [{
			"label": "Pricing Date Control",
			"template": "PricingDateControl"
		}, {
			"label": "Short Description",
			"template": "ShortDescription"
		}]
	},
	
	
	
		"oShippingConditions": {
		"cols": [{
			"label": "Shipping Conditions",
			"template": "ShippingConditions"
		}, {
			"label": "Description",
			"template": "Description"
		}]
	},
	
	
	
	"oIncoterms": {
		"cols": [{
			"label": "Incoterms",
			"template": "Incoterms"
		}, {
			"label": "Description",
			"template": "Description"
		}]
	},
	
	
	
		"oOfficeOfEntry": {
		"cols": [{
			"label": "Description",
			"template": "Description"
		}, {
			"label": "Country Key",
			"template": "CountryKey"
		},
		{
			"label": "Office of Entry",
			"template": "CustomsOffice"
		}]
	},
	
		"oOrderCurrency": {
		"cols": [{
			"label": "Order Currency",
			"template": "OrderCurrency"
		}, {
			"label": "Short Description",
			"template": "ShortDescription"
		}]
	},
		"oPartnerNumber": {
		"cols": [{
			"label": "Business Partner Number",
			"template": "VendorNumber"
		}]
	},
	
	
		"oPurchaseOrganization": {
		"cols": [{
			"label": "Description",
			"template": "PurchasingGroupDescription"
		}, {
			"label": "Purchase Organization",
			"template": "PurchasingGroup"
		}]
	},
		"oModeOfTrnsprtBorder": {
		"cols": [{
			"label": "Country",
			"template": "Country"
		}, {
			"label": "Description",
			"template": "Description"
		},
		 {
			"label": "Foreign Trade Transport Mode",
			"template": "ModeOfTransport"
		}]
	}

}