{
    "resources": [
        {
            "name": "manifest.json"
        },
        {
            "name": "model/models.js"
        },
        {
            "name": "controller/Master.controller.js"
        },
        {
            "name": "controller/DisplayPurchaseInfoRecord.controller.js"
        },
        {
            "name": "controller/CreatePurchaseInfoRecord.controller.js"
        },
        {
            "name": "controller/ChangePurchaseInfoRecord.controller.js"
        },
        {
            "name": "Component.js"
        },
        {
            "name": "manifest-bundle.zip"
        },
        {
            "name": "Component-preload.js",
            "merged": true
        },
        {
            "name": "i18n/i18n.properties",
            "raw": "i18n/i18n.properties"
        },
        {
            "name": "model/models-dbg.js",
            "isDebug": true
        },
        {
            "name": "controller/Master-dbg.controller.js",
            "isDebug": true
        },
        {
            "name": "controller/DisplayPurchaseInfoRecord-dbg.controller.js",
            "isDebug": true
        },
        {
            "name": "controller/CreatePurchaseInfoRecord-dbg.controller.js",
            "isDebug": true
        },
        {
            "name": "controller/ChangePurchaseInfoRecord-dbg.controller.js",
            "isDebug": true
        },
        {
            "name": "Component-dbg.js",
            "isDebug": true
        },
        {
            "name": "../../../../../sap-ui-version.json"
        },
        {
            "name": "view/Master.view.xml"
        },
        {
            "name": "view/DisplayPurchaseInfoRecord.view.xml"
        },
        {
            "name": "view/CreatePurchaseInfoRecord.view.xml"
        },
        {
            "name": "view/ChangePurchaseInfoRecord.view.xml"
        },
        {
            "name": "fragments/Vendor.fragment.xml"
        },
        {
            "name": "fragments/PurchaseOrganization.fragment.xml"
        },
        {
            "name": "fragments/PurchaseGroup.fragment.xml"
        },
        {
            "name": "fragments/Plant.fragment.xml"
        },
        {
            "name": "fragments/OrderUnit.fragment.xml"
        },
        {
            "name": "fragments/MaterialGroup.fragment.xml"
        },
        {
            "name": "fragments/Material.fragment.xml"
        },
        {
            "name": "fragments/Currency.fragment.xml"
        },
        {
            "name": "css/style.css"
        },
        {
            "name": "index.html"
        }
    ]
}