{
  "controller/Master.controller.js": 1611153930325,
  "manifest.json": 1611830296832,
  "test/unit/controller/Create.controller.js": 1611064942265,
  "test/integration/pages/Create.js": 1611064942265,
  "test/integration/arrangements/Startup.js": 1611064942265,
  "test/unit/unitTests.qunit.js": 1611064942265,
  "test/unit/AllTests.js": 1611064942265,
  "test/integration/opaTests.qunit.js": 1611064942265,
  "test/integration/NavigationJourney.js": 1611064942265,
  "test/integration/AllJourneys.js": 1611064942265,
  "test/testsuite.qunit.js": 1611064942265,
  "model/models.js": 1611064942265,
  "i18n/i18n.properties": 1611064942265,
  "controller/DisplayPurchaseInfoRecord.controller.js": 1611241973380,
  "controller/CreatePurchaseInfoRecord.controller.js": 1611830249431,
  "controller/ChangePurchaseInfoRecord.controller.js": 1611746661673,
  "Component.js": 1611064942261,
  "manifest-bundle.zip": 1611830296108,
  "Component-preload.js": 1611830296632,
  "test/unit/AllTests-dbg.js": 1611064942265,
  "test/integration/pages/Create-dbg.js": 1611064942265,
  "test/integration/arrangements/Startup-dbg.js": 1611064942265,
  "test/unit/unitTests.qunit-dbg.js": 1611064942265,
  "test/unit/controller/Create-dbg.controller.js": 1611064942265,
  "test/integration/opaTests.qunit-dbg.js": 1611064942265,
  "test/integration/NavigationJourney-dbg.js": 1611064942265,
  "test/integration/AllJourneys-dbg.js": 1611064942265,
  "test/testsuite.qunit-dbg.js": 1611064942265,
  "model/models-dbg.js": 1611064942265,
  "controller/Master-dbg.controller.js": 1611153930325,
  "controller/DisplayPurchaseInfoRecord-dbg.controller.js": 1611241973380,
  "controller/CreatePurchaseInfoRecord-dbg.controller.js": 1611830249431,
  "controller/ChangePurchaseInfoRecord-dbg.controller.js": 1611746661673,
  "Component-dbg.js": 1611064942261,
  "resources.json": 1611830296840,
  "di.code-validation.core_issues.json": 1611830297945,
  "test/unit/unitTests.qunit.html": 1611064942265,
  "test/integration/opaTests.qunit.html": 1611064942265,
  "view/Master.view.xml": 1611823105028,
  "view/DisplayPurchaseInfoRecord.view.xml": 1611241973380,
  "view/CreatePurchaseInfoRecord.view.xml": 1611241973380,
  "view/ChangePurchaseInfoRecord.view.xml": 1611241973380,
  "test/testsuite.qunit.html": 1611064942265,
  "fragments/Vendor.fragment.xml": 1611064942265,
  "fragments/PurchaseOrganization.fragment.xml": 1611064942265,
  "fragments/PurchaseGroup.fragment.xml": 1611064942265,
  "fragments/Plant.fragment.xml": 1611064942265,
  "fragments/OrderUnit.fragment.xml": 1611064942265,
  "fragments/MaterialGroup.fragment.xml": 1611064942265,
  "fragments/Material.fragment.xml": 1611064942265,
  "fragments/Currency.fragment.xml": 1611064942265,
  "css/style.css": 1611064942265,
  "index.html": 1611064942265
}