{
    "resources": [
        {
            "name": "controller/changePaymentData.controller.js"
        },
        {
            "name": "i18n/i18n.properties",
            "raw": "i18n/i18n.properties"
        },
        {
            "name": "controller/ChooseCountryDialogDelegate.js"
        },
        {
            "name": "utils/Validator.js"
        },
        {
            "name": "model/models.js"
        },
        {
            "name": "model/formatter.js"
        },
        {
            "name": "model/CustomDateType.js"
        },
        {
            "name": "localService/mockserver.js"
        },
        {
            "name": "configuration/configuration.properties"
        },
        {
            "name": "manifest.json"
        },
        {
            "name": "controller/ChooseBankDialogDelegate.js"
        },
        {
            "name": "controller/App.controller.js"
        },
        {
            "name": "controller/AddPaymentDataDialogDelegate.js"
        },
        {
            "name": "Component.js"
        },
        {
            "name": "manifest-bundle.zip"
        },
        {
            "name": "Component-preload.js",
            "merged": true
        },
        {
            "name": "controller/App-dbg.controller.js",
            "isDebug": true
        },
        {
            "name": "model/models-dbg.js",
            "isDebug": true
        },
        {
            "name": "model/formatter-dbg.js",
            "isDebug": true
        },
        {
            "name": "model/CustomDateType-dbg.js",
            "isDebug": true
        },
        {
            "name": "controller/changePaymentData-dbg.controller.js",
            "isDebug": true
        },
        {
            "name": "controller/ChooseCountryDialogDelegate-dbg.js",
            "isDebug": true
        },
        {
            "name": "controller/ChooseBankDialogDelegate-dbg.js",
            "isDebug": true
        },
        {
            "name": "utils/Validator-dbg.js",
            "isDebug": true
        },
        {
            "name": "controller/AddPaymentDataDialogDelegate-dbg.js",
            "isDebug": true
        },
        {
            "name": "localService/mockserver-dbg.js",
            "isDebug": true
        },
        {
            "name": "Component-dbg.js",
            "isDebug": true
        },
        {
            "name": "../../../../sap-ui-version.json"
        },
        {
            "name": "view/changePaymentData.view.xml"
        },
        {
            "name": "view/PaymentDataForms.fragment.xml"
        },
        {
            "name": "view/ChooseCountryDialog.fragment.xml"
        },
        {
            "name": "view/ChooseBankDialog.fragment.xml"
        },
        {
            "name": "view/App.view.xml"
        },
        {
            "name": "view/AddPaymentDataDialog.fragment.xml"
        },
        {
            "name": "index.html"
        }
    ]
}