{
  "controller/ChooseBankDialogDelegate-dbg.js": 1588762150000,
  "i18n/i18n.properties": 1594359341000,
  "controller/ChooseCountryDialogDelegate.js": 1588762150000,
  "utils/Validator.js": 1588762150000,
  "model/models.js": 1588762150000,
  "model/formatter.js": 1588762150000,
  "model/CustomDateType.js": 1588762150000,
  "localService/mockserver.js": 1588762150000,
  "controller/changePaymentData.controller.js": 1591006109000,
  "manifest.json": 1611758415236,
  "controller/ChooseBankDialogDelegate.js": 1588762150000,
  "controller/App.controller.js": 1588762150000,
  "controller/AddPaymentDataDialogDelegate.js": 1589176825000,
  "Component.js": 1611743186529,
  "manifest-bundle.zip": 1611758414805,
  "Component-preload.js": 1611758415115,
  "controller/App-dbg.controller.js": 1588762150000,
  "model/models-dbg.js": 1588762150000,
  "model/formatter-dbg.js": 1588762150000,
  "model/CustomDateType-dbg.js": 1588762150000,
  "controller/changePaymentData-dbg.controller.js": 1591006109000,
  "controller/ChooseCountryDialogDelegate-dbg.js": 1588762150000,
  "configuration/configuration.properties": 1588762150000,
  "utils/Validator-dbg.js": 1588762150000,
  "controller/AddPaymentDataDialogDelegate-dbg.js": 1589176825000,
  "localService/mockserver-dbg.js": 1588762150000,
  "Component-dbg.js": 1611743186529,
  "resources.json": 1611758415240,
  "di.code-validation.core_issues.json": 1611758416131,
  "view/changePaymentData.view.xml": 1590761924000,
  "view/PaymentDataForms.fragment.xml": 1588762150000,
  "view/ChooseCountryDialog.fragment.xml": 1588762150000,
  "view/ChooseBankDialog.fragment.xml": 1588762150000,
  "view/App.view.xml": 1588762150000,
  "view/AddPaymentDataDialog.fragment.xml": 1588762150000,
  "index.html": 1588762150000
}