{
	"_version": "3.0.0",
	"identification": {
		"id": "1babe060-5c0e-45c3-97df-cec3b9750de0-1565604489595",
		"entityType": "bundle"
	},
	"payload": {
		"catalogs": [{
			"_version": "3.0.0",
			"identification": {
				"id": "defaultCatalogId",
				"title": "{{title}}",
				"entityType": "catalog",
				"i18n": "i18n/defaultCatalogId.properties"
			},
			"payload": {
				"viz": []
			}
		}],
		"groups": [{
			"_version": "3.0.0",
			"identification": {
				"id": "my-work",
				"title": "{{title}}",
				"entityType": "group",
				"i18n": "i18n/my-work.properties"
			},
			"payload": {
				"viz": [{
					"id": "cross.fnd.fiori.inbox-2-1565605659398",
					"appId": "cross.fnd.fiori.inbox",
					"vizId": "WorkflowTask-DisplayMyInbox"
				}, {
					"id": "com.sap.bpm.wus.form.player-4-1574263569352",
					"appId": "com.sap.bpm.wus.form.player",
					"vizId": "order-spare-parts"
				}]
			}
		}, {
			"_version": "3.0.0",
			"identification": {
				"id": "new-group",
				"title": "{{title}}",
				"entityType": "group",
				"i18n": "i18n/new-group.properties"
			},
			"payload": {
				"viz": [{
					"id": "com.sap.bpm.monitorworkflow-0-1565605659398",
					"appId": "com.sap.bpm.monitorworkflow",
					"vizId": "bpmworkflowmonitor-DisplayInstances"
				}, {
					"id": "com.sap.bpm.monitorworkflow-1-1565605659398",
					"appId": "com.sap.bpm.monitorworkflow",
					"vizId": "bpmworkflowmonitor-DisplayDefinitions"
				}]
			}
		}],
		"sites": [{
			"_version": "3.0.0",
			"identification": {
				"id": "af4de7e3-ea8a-4342-9484-3607b46f7503-1565604489595",
				"entityType": "site",
				"title": "SAP Fiori launchpad site on Cloud Foundry",
				"description": "SAP Fiori launchpad site on Cloud Foundry, deployed from SAP Web IDE"
			},
			"payload": {
				"config": {
					"ushellConfig": {
						"renderers": {
							"fiori2": {
								"componentData": {
									"config": {
										"applications": {
											"Shell-home": {}
										},
										"enableSearch": false,
										"enablePersonalization": true,
										"enableSetTheme": true,
										"enableSetLanguage": true
									}
								}
							}
						}
					}
				},
				"groupsOrder": ["my-work", "new-group"],
				"sap.cloud.portal": {
					"config": {
						"theme.id": "sap_fiori_3",
						"theme.active": ["sap_fiori_3", "sap_belize_hcb", "sap_belize_hcw"]
					}
				}
			}
		}]
	}
}