{
  "controller/App.controller.js": 1593950354956,
  "i18n/i18n.properties": 1593950491621,
  "manifest.json": 1593951156148,
  "test/unit/controller/App.controller.js": 1593950354944,
  "test/integration/pages/App.js": 1593950354952,
  "test/integration/arrangements/Startup.js": 1593950354944,
  "test/unit/unitTests.qunit.js": 1593950354944,
  "test/unit/AllTests.js": 1593950354944,
  "test/integration/opaTests.qunit.js": 1593950354948,
  "test/integration/NavigationJourney.js": 1593950354948,
  "test/integration/AllJourneys.js": 1593950354948,
  "test/testsuite.qunit.js": 1593950354952,
  "model/models.js": 1593950355080,
  "controller/Vendoroboarding.controller.js": 1593950355080,
  "controller/BaseController.js": 1593950354956,
  "model/Property.json": 1593950355080,
  "Component.js": 1593950355080,
  "manifest-bundle.zip": 1593951155850,
  "Component-preload.js": 1593951156061,
  "test/integration/NavigationJourney-dbg.js": 1593950354948,
  "test/integration/pages/App-dbg.js": 1593950354952,
  "test/integration/arrangements/Startup-dbg.js": 1593950354944,
  "test/unit/unitTests.qunit-dbg.js": 1593950354944,
  "test/unit/AllTests-dbg.js": 1593950354944,
  "test/integration/opaTests.qunit-dbg.js": 1593950354948,
  "test/unit/controller/App-dbg.controller.js": 1593950354944,
  "test/integration/AllJourneys-dbg.js": 1593950354948,
  "test/testsuite.qunit-dbg.js": 1593950354952,
  "model/models-dbg.js": 1593950355080,
  "controller/Vendoroboarding-dbg.controller.js": 1593950355080,
  "controller/BaseController-dbg.js": 1593950354956,
  "controller/App-dbg.controller.js": 1593950354956,
  "Component-dbg.js": 1593950355080,
  "resources.json": 1593951156151,
  "di.code-validation.core_issues.json": 1593951156877,
  "test/unit/unitTests.qunit.html": 1593950354940,
  "test/integration/opaTests.qunit.html": 1593950354948,
  "view/Vendoroboarding.view.xml": 1593950926081,
  "view/App.view.xml": 1593950355084,
  "test/testsuite.qunit.html": 1593950354952,
  "fragments/BusinessValueHelp.fragment.xml": 1593950354940,
  "css/style.css": 1593950354952,
  "index.html": 1593950354936
}