{
    "invoiceDetails": {
      "headerDetail": {
        "companyCode": "1000",
        "vendorNumber": "1000230012",
        "oneTimeVendorIndicator": "X",
        "oneTimeVendorName": "",
        "oneTimeVendorCity": "",
        "oneTimeVendorCountry": "",
        "invoiceDate": "20200731",
        "postingDate": "",
        "invoiceAmount": 1200,
        "currency": "EUR",
        "baselineDate": "20200731",
        "exchangeRate": 1.0098,
        "reference": "10009992001",
        "text": "",
        "paymentTerms":"A1",
        "paymentMethod":"",
        "requester": "",
        "requesterName": "",
        "DueDate": "",
        "initiator": "Krishnendu"
      },
      "paymentTerms": [
        {
          "days": 20,
          "percentageAmount": 10
        },
        {
          "days": 40,
          "percentageAmount": 20
        },
        {
          "days": 90,
          "percentageAmount": 0
        }
      ],
      "items": [
        {
          "itemNumber": 1,
          "glAccount": "121212",
          "costCenter": "",
          "amount": 122,
          "currency": "EUR",
          "businessArea": "",
          "profitCenter": "",
          "plant": "",
          "assignment": "",
          "internalOrder": "",
          "itemText": ""
        },
        {
          "itemNumber": 2,
          "glAccount": "",
          "costCenter": "100290",
          "amount": 340,
          "currency": "EUR",
          "businessArea": "",
          "profitCenter": "",
          "plant": "",
          "assignment": "",
          "internalOrder": "",
          "itemText": ""
        }
      ],
      "attachments": {}
    }
}