{
    "oRequesterDetails": {
        "sRequestId": "",
        "sRequesterName": "",
        "sRequesterEmployeeId": "",
        "sRequestDateAndTime": "",
        "sRequesterContactNumber": "",
        "sRequesterEmail": ""
    },
    "oVendorDetails": {
        "sVendorFName": "",
        "sVendorLName": "",
        "sVendorType": "",
        "sAccountGroup": "",
        "sVendorContactNumber": "",
        "sVendorEmail": "",
        "sVendorConfEmail": ""
        
    },
    
    "oAccountGroup": {
		"cols": [{
			"label": "Number Range",
			"template": "NumberRange",
			"width": "10rem"
		}, {
			"label": "Account Group",
			"template": "AccountGroup"
		}, {
			"label": "Name",
			"template": "Name"
		}]
	},

     "oVendorType": [
        {
            "Code": "1",
            "sDescription": "General"
        },
        {
            "code": "2",
            "sDescription": "Purchasing"
        },
        {
            "code": "3",
            "sDescription": "Accounting"
        },
         {
            "code": "4",
            "sDescription": "Centrally"
        }
    ],

    "oEnable" : {
        "iRequestId": false,
        "bRegister": true,
        "sInput": true 
    },
    "oVisible" : {
    
   "sText": false,
   "sInput": true 
    },
    "sSelectedInput": "",
    "oDialog": {
    	"sFilterLabel": "",
		"sDialogDes": "",
		"sDialogKey": "",
		"sTitle": ""
    
    },
    "sDefinitionId": ""
   
    
    
}