{
	"cols": [
		{
			"label": "Material",
			"template": "MATERIAL",
			"width": "10rem"
		},
		{
			"label": "Material Description",
			"template": "MATL_DESC"
		}
	],

    "itemsToOrder":[],

	"Request": {
		"BAPI_REQUISITION_GETDETAIL": {
			"NUMBER": "",
			"Requestor": {
				"Name": "",
				"Email": "",
				"Comment": ""
			}
		}
	},
	"BAPI_REQUISITION_CREATE": {
		"REQUISITION_ITEMS": {
			"item": [{
				"PREQ_NO": "",
				"PREQ_ITEM": "",
				"DOC_TYPE": "NB",
				"MATERIAL": "",
				"PLANT": "",
				"QUANTITY": "",
				"DELIV_DATE": "",
				"PUR_GROUP": "",
				"CREATED_BY": "",
				"PREQ_NAME": "",
				"PREQ_DATE": "",
				"SHORT_TEXT": "",
				"PUR_MAT": "",
				"STORE_LOC": "",
				"TRACKINGNO": "",
				"MAT_GRP": "",
				"SUPPL_PLNT": "",
				"UNIT": "",
				"DEL_DATCAT": "",
				"REL_DATE": "",
				"GR_PR_TIME": "",
				"C_AMT_BAPI": "",
				"PRICE_UNIT": "",
				"ITEM_CAT": "",
				"ACCTASSCAT": "",
				"DISTRIB": "",
				"PART_INV": "",
				"GR_IND": "",
				"GR_NON_VAL": "",
				"IR_IND": "",
				"DES_VENDOR": "",
				"FIXED_VEND": "",
				"PURCH_ORG": "",
				"AGREEMENT": "",
				"AGMT_ITEM": "",
				"INFO_REC": "",
				"QUOTA_ARR": "",
				"QUOTARRITM": "",
				"MRP_CONTR": "",
				"BOMEXPL_NO": "",
				"LAST_RESUB": "",
				"RESUBMIS": "",
				"NO_RESUB": "",
				"VAL_TYPE": "",
				"SPEC_STOCK": "",
				"PO_UNIT": "",
				"REV_LEV": "",
				"PCKG_NO": "",
				"KANBAN_IND": "",
				"PO_PRICE": "",
				"INT_OBJ_NO": "",
				"PROMOTION": "",
				"BATCH": "",
				"VEND_MAT": "",
				"ORDERED": "",
				"CURRENCY": "",
				"MANUF_PROF": "",
				"MANU_MAT": "",
				"MFR_NO": "",
				"MFR_NO_EXT": "",
				"DEL_DATCAT_EXT": "",
				"CURRENCY_ISO": "",
				"ITEM_CAT_EXT": "",
				"PREQ_UNIT_ISO": "",
				"PO_UNIT_ISO": "",
				"GENERAL_RELEASE": "",
				"MATERIAL_EXTERNAL": "",
				"MATERIAL_GUID": "",
				"MATERIAL_VERSION": "",
				"PUR_MAT_EXTERNAL": "",
				"PUR_MAT_GUID": "",
				"PUR_MAT_VERSION": "",
				"REQ_BLOCKED": "3",
				"REASON_BLOCKING": "",
				"PROCURING_PLANT": "",
				"CMMT_ITEM": "",
				"FUNDS_CTR": "",
				"FUND": "",
				"RES_DOC": "",
				"RES_ITEM": "",
				"FUNC_AREA": "",
				"GRANT_NBR": "",
				"FUND_LONG": "",
				"BUDGET_PERIOD": "",
				"MATERIAL_LONG": "",
				"PUR_MAT_LONG": ""
			}]
		},
		"REQUISITION_ACCOUNT_ASSIGNMENT": {
			"item": {
				"PREQ_NO": "",
				"PREQ_ITEM": "",
				"SERIAL_NO": "",
				"DELETE_IND": "",
				"CREATED_ON": "",
				"CREATED_BY": "",
				"PREQ_QTY": "",
				"DISTR_PERC": "",
				"G_L_ACCT": "",
				"BUS_AREA": "",
				"COST_CTR": "",
				"PROJ_NO": "",
				"SD_DOC": "",
				"SDOC_ITEM": "",
				"SCHED_LINE": "",
				"ASSET_NO": "",
				"SUB_NUMBER": "",
				"ORDER_NO": "",
				"GR_RCPT": "",
				"UNLOAD_PT": "",
				"CO_AREA": "",
				"TO_COSTCTR": "",
				"TO_ORDER": "",
				"TO_PROJECT": "",
				"COST_OBJ": ""
			}
		},
		"REQUISITION_ITEM_TEXT": {
			"item": {
				"PREQ_NO": "",
				"PREQ_ITEM": "",
				"TEXT_ID": "",
				"TEXT_FORM": "",
				"TEXT_LINE": ""
			}
		},
		"REQUISITION_LIMITS": {
			"item": {
				"PCKG_NO": "",
				"LIMIT": "",
				"NO_LIMIT": "",
				"EXP_VALUE": "",
				"SSC_EXIST": "",
				"CON_EXIST": "",
				"TMP_EXIST": "",
				"PRICE_CHG": "",
				"FREE_LIMIT": "",
				"NO_FRLIMIT": "",
				"SERV_TYPE": "",
				"EDITION": "",
				"SSC_LIMIT": "",
				"SSC_NOLIM": "",
				"SSC_PRSCHG": "",
				"SSC_PERC": "",
				"TMP_NUMBER": "",
				"TMP_LIMIT": "",
				"TMP_NOLIM": "",
				"TMP_PRSCHG": "",
				"TMP_PERC": "",
				"CONT_PERC": ""
			}
		},
		"REQUISITION_CONTRACT_LIMITS": {
			"item": {
				"PCKG_NO": "",
				"LINE_NO": "",
				"CON_NUMBER": "",
				"CON_ITEM": "",
				"LIMIT": "",
				"NO_LIMIT": "",
				"PRICE_CHG": "",
				"SHORT_TEXT": "",
				"DELETE_IND": ""
			}
		},
		"REQUISITION_SERVICES": {
			"item": {
				"PCKG_NO": "",
				"LINE_NO": "",
				"EXT_LINE": "",
				"OUTL_LEVEL": "",
				"OUTL_NO": "",
				"OUTL_IND": "",
				"SUBPCKG_NO": "",
				"SERVICE": "",
				"SERV_TYPE": "",
				"EDITION": "",
				"SSC_ITEM": "",
				"EXT_SERV": "",
				"QUANTITY": "",
				"BASE_UOM": "",
				"UOM_ISO": "",
				"OVF_TOL": "",
				"OVF_UNLIM": "",
				"PRICE_UNIT": "",
				"GR_PRICE": "",
				"FROM_LINE": "",
				"TO_LINE": "",
				"SHORT_TEXT": "",
				"DISTRIB": "",
				"PERS_NO": "",
				"WAGETYPE": "",
				"PLN_PCKG": "",
				"PLN_LINE": "",
				"CON_PCKG": "",
				"CON_LINE": "",
				"TMP_PCKG": "",
				"TMP_LINE": "",
				"SSC_LIM": "",
				"LIMIT_LINE": "",
				"TARGET_VAL": "",
				"BASLINE_NO": "",
				"BASIC_LINE": "",
				"ALTERNAT": "",
				"BIDDER": "",
				"SUPP_LINE": "",
				"OPEN_QTY": "",
				"INFORM": "",
				"BLANKET": "",
				"EVENTUAL": "",
				"TAX_CODE": "",
				"TAXJURCODE": "",
				"PRICE_CHG": "",
				"MATL_GROUP": "",
				"DATE": "",
				"BEGINTIME": "",
				"ENDTIME": "",
				"EXTPERS_NO": "",
				"FORMULA": "",
				"FORM_VAL1": "",
				"FORM_VAL2": "",
				"FORM_VAL3": "",
				"FORM_VAL4": "",
				"FORM_VAL5": "",
				"USERF1_NUM": "",
				"USERF2_NUM": "",
				"USERF1_TXT": "",
				"USERF2_TXT": "",
				"HI_LINE_NO": "",
				"EXTREFKEY": "",
				"DELETE_IND": "",
				"PER_SDATE": "",
				"PER_EDATE": "",
				"EXTERNAL_ITEM_ID": "",
				"SERVICE_ITEM_KEY": "",
				"NET_VALUE": ""
			}
		},
		"REQUISITION_SRV_ACCASS_VALUES": {
			"item": {
				"PCKG_NO": "",
				"LINE_NO": "",
				"SERNO_LINE": "",
				"PERCENTAGE": "",
				"SERIAL_NO": "",
				"QUANTITY": "",
				"NET_VALUE": ""
			}
		},
		"REQUISITION_SERVICES_TEXT": {
			"item": {
				"PCKG_NO": "",
				"LINE_NO": "",
				"TEXT_ID": "",
				"FORMAT_COL": "",
				"TEXT_LINE": ""
			}
		},
		"REQUISITION_ADDRDELIVERY": {
			"item": {
				"PREQ_NO": "",
				"PREQ_ITEM": "",
				"ADDR_NO": "",
				"FORMOFADDR": "",
				"NAME": "",
				"NAME_2": "",
				"NAME_3": "",
				"NAME_4": "",
				"C_O_NAME": "",
				"CITY": "",
				"DISTRICT": "",
				"CITY_NO": "",
				"POSTL_COD1": "",
				"POSTL_COD2": "",
				"POSTL_COD3": "",
				"PO_BOX": "",
				"PO_BOX_CIT": "",
				"DELIV_DIS": "",
				"STREET": "",
				"STREET_NO": "",
				"STR_ABBR": "",
				"HOUSE_NO": "",
				"STR_SUPPL1": "",
				"STR_SUPPL2": "",
				"LOCATION": "",
				"BUILDING": "",
				"FLOOR": "",
				"ROOM_NO": "",
				"COUNTRY": "",
				"LANGU": "",
				"REGION": "",
				"SORT1": "",
				"SORT2": "",
				"TIME_ZONE": "",
				"TAXJURCODE": "",
				"ADR_NOTES": "",
				"COMM_TYPE": "",
				"TEL1_NUMBR": "",
				"TEL1_EXT": "",
				"FAX_NUMBER": "",
				"FAX_EXTENS": "",
				"STREET_LNG": "",
				"DISTRCT_NO": "",
				"CHCKSTATUS": "",
				"PBOXCIT_NO": "",
				"TRANSPZONE": "",
				"HOUSE_NO2": "",
				"E_MAIL": "",
				"STR_SUPPL3": "",
				"TITLE": "",
				"COUNTRYISO": "",
				"LANGU_ISO": "",
				"BUILD_LONG": "",
				"REGIOGROUP": ""
			}
		},
		"EXTENSIONIN": {
			"item": {
				"STRUCTURE": "",
				"VALUEPART1": "",
				"VALUEPART2": "",
				"VALUEPART3": "",
				"VALUEPART4": ""
			}
		}
	}
}