{
    "_version": "3.0.0",
    "identification": {
        "id": "be4bbfc1-0196-4359-aa41-952ef9c29d29",
        "entityType": "bundle"
    },
    "payload": {
        "catalogs": [
            {
                "_version": "3.0.0",
                "identification": {
                    "id": "defaultCatalogId",
                    "title": "{{title}}",
                    "entityType": "catalog",
                    "i18n": "i18n/defaultCatalogId.properties"
                },
                "payload": {
                    "viz": [
                        {
                            "id": "sap.pv.instances",
                            "vizId": "pv-showInstances"
                        },
                        {
                            "id": "sap.pv.ovp",
                            "vizId": "pv-showScenarioOverview"
                        },
                        {
                            "id": "sap.pv.processworkspace",
                            "vizId": "pv-processworkspace"
                        }
                    ]
                }
            }
        ],
        "groups": [
            {
                "_version": "3.0.0",
                "identification": {
                    "id": "defaultGroupId",
                    "title": "{{title}}",
                    "entityType": "group",
                    "i18n": "i18n/defaultGroupId.properties"
                },
                "payload": {
                    "viz": [
                        {
                            "id": "cross.fnd.fiori.inbox-0-1597313528753",
                            "appId": "cross.fnd.fiori.inbox",
                            "vizId": "WorkflowTask-DisplayMyInbox"
                        },
                        {
                            "id": "sap.pv.configurescenarios-1-1597313528753",
                            "appId": "sap.pv.configurescenarios",
                            "vizId": "pv-configurescenarios"
                        },
                        {
                            "id": "sap.pv.processworkspace-2-1597313528753",
                            "appId": "sap.pv.processworkspace",
                            "vizId": "pv-processworkspace"
                        }
                    ]
                }
            },
            {
                "_version": "3.0.0",
                "identification": {
                    "id": "business-apps",
                    "title": "{{title}}",
                    "entityType": "group",
                    "i18n": "i18n/business-apps.properties"
                },
                "payload": {
                    "viz": [
                        {
                            "id": "com.sap.bpm.DocumentCentricStartUI-0-1600338372573",
                            "appId": "com.sap.bpm.DocumentCentricStartUI",
                            "vizId": "startdoc-create"
                        }
                    ]
                }
            }
        ],
        "sites": [
            {
                "_version": "3.0.0",
                "identification": {
                    "id": "9072145f-a587-4b31-8ffc-530b913fa289",
                    "entityType": "site",
                    "title": "SAP Fiori launchpad site on Cloud Foundry",
                    "description": "SAP Fiori launchpad site on Cloud Foundry, deployed from WING"
                },
                "payload": {
                    "config": {
                        "ushellConfig": {
                            "renderers": {
                                "fiori2": {
                                    "componentData": {
                                        "config": {
                                            "applications": {
                                                "Shell-home": {}
                                            }
                                        }
                                    }
                                }
                            }
                        }
                    },
                    "groupsOrder": [
                        "defaultGroupId",
                        "business-apps"
                    ],
                    "sap.cloud.portal": {
                        "config": {
                            "theme.id": "sap_fiori_3",
                            "theme.active": [
                                "sap_fiori_3",
                                "sap_fiori_3_dark",
                                "sap_belize_hcb",
                                "sap_belize_hcw"
                            ]
                        }
                    }
                }
            }
        ]
    }
}