{
	"welcomeFile": "/webapp/index.html",
	"routes": [{
		"path": "/resources",
		"target": {
			"type": "application",
			"name": "sapui5preview",
			"entryPath": "/resources"
		},
		"description": "SAPUI5 Resources"
	}, {
		"path": "/resources",
		"target": {
			"type": "service",
			"name": "sapui5",
			"entryPath": "/resources"
		},
		"description": "SAPUI5 Resources"
	}, {
		"path": "/test-resources",
		"target": {
			"type": "application",
			"name": "sapui5preview",
			"entryPath": "/test-resources"
		},
		"description": "SAPUI5 Test Resources"
	}, {
		"path": "/test-resources",
		"target": {
			"type": "service",
			"name": "sapui5",
			"entryPath": "/test-resources"
		},
		"description": "SAPUI5 Test Resources"
	}, {
		"path": "bpmworkflowruntime",
		"target": {
			"type": "destination",
			"name": "bpmworkflowruntime",
			"entryPath": "/workflow-service"
		},
		"description": "Workflow Service Runtime"
	}, 
    {
		"path": "/bpmrulesruntime/rules-service/v2/rules",
		"target": {
			"type": "destination",
			"name": "bpmrulesruntime",
			"entryPath": "/rules-service/v2/rules"
		},
		"description": "CP Business Rules"
	}, {
		"path": "CPI",
		"target": {
			"type": "destination",
			"name": "CPI",
			"entryPath": "/http"
		},
		"description": "CPI Service"
	}],
	"sendWelcomeFileRedirect": true
}