{
    "welcomeFile": "/index.html",
    "authenticationMethod": "none",
    "logout": {
        "logoutEndpoint": "/do/logout"
    },
    "routes": [
        {
            "source": "^/bpmworkflowruntime/(.*)$",
            "target": "/$1",
            "service": "com.sap.bpm.workflow",
            "endpoint": "workflow_rest_url",
            "authenticationType": "xsuaa"
        },
        {
            "source": "^/bpmrulesruntime/(.*)$",
            "target": "/$1",
            "service": "com.sap.bpm.rule",
            "endpoint": "rule_runtime_url",
            "authenticationType": "xsuaa"
        },
        {
            "source": "^/scim/(.*)$",
            "target": "/$1",
            "destination": "SCIM",
            "authenticationType": "xsuaa",
            "cacheControl": "no-cache, no-store, must-revalidate"
        },
        {
            "source": "^/S4HANA_Dest/(.*)$",
            "target": "/$1",
            "destination": "S4HANA",
            "authenticationType": "xsuaa",
            "cacheControl": "no-cache, no-store, must-revalidate"
        },
        {
            "source": "^(.*)$",
            "target": "$1",
            "service": "html5-apps-repo-rt",
            "authenticationType": "xsuaa"
        }
        
    ]
}