{
  "welcomeFile": "/index.html",
  "authenticationMethod": "route",
  "logout": {
    "logoutEndpoint": "/do/logout"
  },
  "routes": [
  	
  	 	{
    	     "source": "^/bpmrulesruntime/(.*)$",
             "target": "/$1",
             "service": "com.sap.bpm.rule",
             "endpoint": "rule_runtime_url",
             "authenticationType": "xsuaa" 
           },
  		{
    	     "source": "^/workflowruntime/(.*)$",
             "target": "/$1",
             "service": "com.sap.bpm.workflow",
             "endpoint": "workflow_rest_url",
             "authenticationType": "xsuaa" 
           },
            
    {
      "source": "^(.*)$",
      "target": "$1",
      "service": "html5-apps-repo-rt",
      "authenticationType": "xsuaa"
    }
  ]
}