	 {

 	"oBasicDetails": {

 		"sVendorType": "",
 		"sAccountGroup": "",
 		"sTitle": "",
 		"sVendorName": "",
 		"sVendorName2": "",
 		"sVendorName3": "",
 		"sVendorName4": "",
 		"sSearchTerms": "",
 		"sLanguage": "",
 		"sLanguageKey": "",
 		"sStreet1": "",
 		"sHouseNumber": "",
 		"sZipCode": "",
 		"sCity": "",
 		"sCountry": "",
 		"sCountryKey": "",
 		"sRegion": "",
 		"sRegionKey": "",
 		"sTaxJur": "",
 		"sSuppl": "",
 		"sDistrict": "",
 		"sPOBox": "",
 		"sPostalCode": "",
 		"sOtherCountry": "",
 		"sOtherCity": "",
 		"sVendorEmail": "",
 		"sVendorContact": "",
 		"sSubsidiary": "",
 		"sFax": "",
 		"sCustomer": "",
 		"sCustomerKey": "",
 		"sAuthorization": "",
 		"sTradingPartner": "",
 		"sTradingPartnerKey": "",
 		"sCorporateGroup": "",
 		"sTaxOffice": "",
 		"sFiscalAddress": "",
 		"sTaxType": "",
 		"sRepName": "",
 		"sVATRegNo": "",
 		"sTypeOfIndustry": "",
 		"sTaxBase": "",
 		"sTaxNumber": "",
 		"sSocInsCode": "",
 		"sTypeOfBusiness": "",
 		"sTaxNumberType": "",
 		"sTaxNumber1": "",
 		"sTaxNumber2": "",

 		"sLocationNumber": "",
 		"sLocationNumber2": "",
 		"sCarFreightGroup": "",
 		"sServAgntProcGrp": "",
 		"sStatGrService": "",
 		"sPODRelevant": "",
 		"sActualQMSys": "",
 		"sTransportZone": "",

 		"sCheckDigit": "",
 		"sCredInfoNo": "",
 		"sSCAC": "",
 		"sQMSystemTo": "",
 		"sLastExtReview": "",
 		"sIndustry": "",
 		"sTrainStation": "",

 		"sDateOfBirth": "",
 		"sPlaceOfBirth": "",
 		"sGender": "",
 		"sProfession": "",
 		"aAddBankDetails": [{
 			"sBankKey": "",
 			"sBankKeyTable": "",
 			"sCountryKey": "",
 			"sCountryKeyTable": "",
 			"sBankAcctNo": "",
 			"sBankHolder": ""
 		}],
 		

 		"sAlternativePayee": "",
 		"sDMEIndicator": "",
 		"sDMEIndicatorKey": "",
 		"sInstructionKey": "",
 		"sInstructionKeyKey": "",
 		"sISRNumber": "",
 		"aAddContactPersons": [{
 			"sFormOfAddress": "",
 			"sFirstName": "",
 			"sContactName": "",
 			"sDepartment": "",
 			"sDescription": "",
 			"sContactPhone": "",
 			"sFunction": "",
 			"sFunctionKey": ""
 		}]
 	},
 	
 	"oNameTitle": [{
 		"Code": "1",
 		"sDescription": "Company"
 	}, {
 		"Code": "2",
 		"sDescription": "Mr."
 	}, {
 		"CodeCode": "3",
 		"sDescription": "Mr. and Mrs."
 	}, {
 		"Code": "4",
 		"sDescription": "Ms."
 	}],
 		"oGender": [{
 		"Code": "Male",
 		"sDescription": "Male"
 	}, {
 		"Code": "Female",
 		"sDescription": "Female"
 	}],
 	 "oDialog": {
    	"sFilterLabel": "",
		"sDialogDes": "",
		"sDialogKey": "",
		"sTitle": ""
		
    },
    
     "sSelectedInput": "",
     "bError": false,
     "oFilter": {
     	"sFirstFilter": "",
       "sSecondFilter": "",
       "sThirdFilter": "",
       "sForthFilter": "",
 "sFifthFilter": ""
     
     },
     "oTradingPartner": {
		"cols": [{
			"label": "Company Name",
			"template": "CompanyName",
			"width": "10rem"
		}, {
			"label": "Country Key",
			"template": "CountryKey"
		}, {
			"label": "Trading Partner",
			"template": "CompanyCode"
		},
		{
			"label": "Currency",
			"template": "Currency"
		}]
	},
	
	 "oDepartment": {
		"cols": [{
			"label": "Department Key",
			"template": "Department",
			"width": "10rem"
		}, {
			"label": "Description",
			"template": "Description"
		}]
	},
		"oDMEIndicator": {
 		"cols": [{
 			"label": "Data Medium Exchange Indicator",
 			"template": "Key",
 			"width": "15rem"
 		}, {
 			"label": "Description",
 			"template": "Description"
 		}]
 	},
 		"oLanguage": {
 		"cols": [
          {
 			"label": "Name",
 			"template": "Name"
 		},{
 			"label": "Key",
 			"template": "Key",
 			"width": "10rem"
 		}]
 	},
 		"oFunction": {
 		"cols": [{
 			"label": "Function",
 			"template": "Function",
 			"width": "10rem"
 		}, {
 			"label": "Description",
 			"template": "Description"
 		}]
 	},
 		"oBankKey": {
 		"cols": [{
 			"label": "Name of Bank",
 			"template": "NameOfBank",
 			"width": "10rem"
 		}, {
 			"label": "Bank Key",
 			"template": "BankKey"
 		}]
 	},
 	
 	
 	
 	"oCustomer": {
 		"cols": [{
 			"label": "Customer",
 			"template": "CustomerNumber"
 		},
 		{
 			"label": "Country Key",
 			"template": "CountryKey"
 		}]
 		},
 		
 		"oAlternativePayee": {
 		"cols": [{
 			"label": "Alternative Payee",
 			"template": "VendorAccountNumber"
 		},
 		{
 			"label": "Country Key",
 			"template": "CountryKey"
 		}]
 		},	
 		
 			"oInstructionKey": {
 		"cols": [{
 			"label": "Bank Country Key",
 			"template": "BankCountryKey"
 		},
 		{
 			"label": "Payment Method",
 			"template": "PaymentMethod"
 		},
 		{
 			"label": "Instruction Key",
 			"template": "DataMediumExchange"
 		},
 		{
 			"label": "Additional Information",
 			"template": "AdditionalInformation"
 		}]
 		},	

     "oDMEData": [{
 		"Key": "0",
 		"Description": "Single data record can be forwarded to the Bundesbank"
 	}, {
 		"Key": "1",
 		"Description": "Single data record not to be forwarded to the Bundesbank"
 	},
 	 {
 		"Key": "",
 		"Description": "Use house bank default value"
 	}],
 	
 	
 	 "oLanguageData": [{
 		"Key": "D",
 		"Name": "German"
 	}, {
 		"Key": "E",
 		"Name": "English"
 	},
 	{
 		"Key": "F",
 		"Name": "French"
 	},
 	{
 		"Key": "EL",
 		"Name": "Greek"
 	},
 	{
 		"Key": "I",
 		"Name": "Italian"
 	},
 	{
 		"Key": "J",
 		"Name": "Japanese"
 	},
 	{
 		"Key": "Z",
 		"Name": "Chinese"
 	},
 	{
 		"Key": "SV",
 		"Name": "Swedish"
 	},
 	{
 		"Key": "BG",
 		"Name": "Bulgarian"
 	},
 	{
 		"Key": "LT",
 		"Name": "Lithuanian"
 	},
 	{
 		"Key": "LV",
 		"Name": "Latvian"
 	},
 	{
 		"Key": "AF",
 		"Name": "Afrikaans"
 	},
 	{
 		"Key": "IS",
 		"Name": "Icelandic"
 	},
 	{
 		"Key": "CA",
 		"Name": "Catalan"
 	}
 	 ],
 		
 	"oCountry": {
 		"cols": [{
 			"label": "Country/Region Key",
 			"template": "Country"
 		},
 		{
 			"label": "Name",
 			"template": "Name"
 		}]
 		},
 		
 		
 		"oRegion": {
 		"cols": [{
 			"label": "Region Key",
 			"template": "Region"
 		},
 		{
 			"label": "Description",
 			"template": "Description"
 		}]
 		}
    
 }
 
 
 
 
 