{
  "manifest.json": 1611758406831,
  "configuration/configuration.properties": 1588762150000,
  "controller/App.controller.js": 1588762150000,
  "model/models.js": 1588762150000,
  "model/formatter.js": 1588762150000,
  "model/CustomDateType.js": 1588762150000,
  "controller/approveChangeRequest.controller.js": 1589176992000,
  "i18n/i18n.properties": 1594358545000,
  "Component.js": 1611731237855,
  "manifest-bundle.zip": 1611758406592,
  "Component-preload.js": 1611758406767,
  "controller/App-dbg.controller.js": 1588762150000,
  "model/formatter-dbg.js": 1588762150000,
  "model/CustomDateType-dbg.js": 1588762150000,
  "controller/approveChangeRequest-dbg.controller.js": 1589176992000,
  "model/models-dbg.js": 1588762150000,
  "Component-dbg.js": 1611731237855,
  "resources.json": 1611758406835,
  "di.code-validation.core_issues.json": 1611758407514,
  "view/approveChangeRequest.view.xml": 1588762150000,
  "view/Form.fragment.xml": 1588762150000,
  "view/App.view.xml": 1588762150000,
  "index.html": 1588762150000
}