{
  "model/CustomDateType.js": 1588762150000,
  "configuration/configuration.properties": 1588762150000,
  "model/formatter.js": 1588762150000,
  "model/models.js": 1588762150000,
  "manifest.json": 1591249733543,
  "i18n/i18n.properties": 1588762150000,
  "controller/approveChangeRequest.controller.js": 1589176992000,
  "controller/App.controller.js": 1588762150000,
  "Component.js": 1590763685000,
  "manifest-bundle.zip": 1591249733334,
  "Component-preload.js": 1591249733483,
  "model/formatter-dbg.js": 1588762150000,
  "model/models-dbg.js": 1588762150000,
  "model/CustomDateType-dbg.js": 1588762150000,
  "controller/approveChangeRequest-dbg.controller.js": 1589176992000,
  "controller/App-dbg.controller.js": 1588762150000,
  "Component-dbg.js": 1590763685000,
  "resources.json": 1591249733546,
  "di.code-validation.core_issues.json": 1591249734434,
  "view/approveChangeRequest.view.xml": 1588762150000,
  "view/Form.fragment.xml": 1588762150000,
  "view/App.view.xml": 1588762150000,
  "index.html": 1588762150000
}