{
    "_version": "3.0.0",
    "identification": {
        "id": "46f8dc68-4d85-4692-8061-bce8b3357123",
        "entityType": "bundle"
    },
    "payload": {
        "catalogs": [
            {
                "_version": "3.0.0",
                "identification": {
                    "id": "defaultCatalogId",
                    "title": "{{title}}",
                    "entityType": "catalog",
                    "i18n": "i18n/defaultCatalogId.properties"
                },
                "payload": {
                    "viz": [
                        {
                            "id": "sap.pv.instances",
                            "vizId": "pv-showInstances"
                        },
                        {
                            "id": "sap.pv.ovp",
                            "vizId": "pv-showScenarioOverview"
                        },
                        {
                            "id": "sap.pv.processworkspace",
                            "vizId": "pv-processworkspace"
                        }
                    ]
                }
            }
        ],
        "groups": [
            {
                "_version": "3.0.0",
                "identification": {
                    "id": "defaultGroupId",
                    "title": "{{title}}",
                    "entityType": "group",
                    "i18n": "i18n/defaultGroupId.properties"
                },
                "payload": {
                    "viz": [
                        {
                            "id": "cross.fnd.fiori.inbox-0-1597313528753",
                            "appId": "cross.fnd.fiori.inbox",
                            "vizId": "WorkflowTask-DisplayMyInbox"
                        },
                        {
                            "id": "sap.pv.configurescenarios-1-1597313528753",
                            "appId": "sap.pv.configurescenarios",
                            "vizId": "pv-configurescenarios"
                        },
                        {
                            "id": "sap.pv.processworkspace-2-1597313528753",
                            "appId": "sap.pv.processworkspace",
                            "vizId": "pv-processworkspace"
                        }
                    ]
                }
            },
            {
                "_version": "3.0.0",
                "identification": {
                    "id": "business-apps",
                    "title": "{{title}}",
                    "entityType": "group",
                    "i18n": "i18n/business-apps.properties"
                },
                "payload": {
                    "viz": [
                        {
                            "id": "sap.ibpm.CreatePR-0-1600428613939",
                            "appId": "sap.ibpm.CreatePR",
                            "vizId": "PurchaseRequisition-Create"
                        }
                    ]
                }
            }
        ],
        "sites": [
            {
                "_version": "3.0.0",
                "identification": {
                    "id": "2a263baf-cdfc-4386-b93f-4e9d3db43a87",
                    "entityType": "site",
                    "title": "SAP Fiori launchpad site on Cloud Foundry",
                    "description": "SAP Fiori launchpad site on Cloud Foundry, deployed from WING"
                },
                "payload": {
                    "config": {
                        "ushellConfig": {
                            "renderers": {
                                "fiori2": {
                                    "componentData": {
                                        "config": {
                                            "applications": {
                                                "Shell-home": {}
                                            }
                                        }
                                    }
                                }
                            }
                        }
                    },
                    "groupsOrder": [
                        "defaultGroupId",
                        "business-apps"
                    ],
                    "sap.cloud.portal": {
                        "config": {
                            "theme.id": "sap_fiori_3",
                            "theme.active": [
                                "sap_fiori_3",
                                "sap_fiori_3_dark",
                                "sap_belize_hcb",
                                "sap_belize_hcw"
                            ]
                        }
                    }
                }
            }
        ]
    }
}