{
	
 "oInput": {
"isEditable": false		
		
	},
	
	"oError":{
		"serviceError": false
	},
 	
	"oEnable": {
		
		"sInput": false
	},
	"oAccountingVendor": {

		"sCompanyCode": "",
	    "sCompanyCodeKey": "",
		"sReconAccount": "",
		"sReconAccountKey": "",
		"sShortKey": "",
		"sCashManagementGroup": "",
		"sCashManagementGroupKey": "",
		"sHeadOffice": "",
		"sAccountingAuthorization": "",
		"sReleaseGroup": "",
		"sReleaseGroupKey": "",
		"sMinorityIndic": "",
		"sCertificationDate": "",
		"sInterestIndic": "",
		"sLastKeyDate": "",
		"sInterestCycle": "",
		"sInterestCycleKey": "",
		"sLastInterestRun": "",
		"sWTaxCode": "",
		"sWTaxCodeKey": "",
		"sRecipientType": "",
		"sExemptionNumber": "",
		"sWHTaxCountry": "",
		"sWHTaxCountryKey": "",
		"sValidUntil": "",
		"sExmptAuthority": "",
		"sExmptAuthorityKey": "",
		"sPreviousAccountNumber": "",
		"sPersonnelNumber": "",
		"sActivityCode": "",
		"sDistrType": "",
		"sPaytTerms": "",
		"sPaytTermsKey": "",
		"sPaymentDataToleranceGroup": "",
		"sPaymentDataToleranceGroupKey": "",
		"sChkCashingTime": "",
		"sPaymentMethods": "",
		"sPaymentMethodsKey": "",
		"sPaymentBlock": "",
			"sPaymentBlockKey": "",
		"sAlternatPayee": "",
		"sHouseBank": "",
		"sBExchlimit": "",
		"sGroupingKey": "",
		"sGroupingKeyKey": "",
		"sToleranceGroup": "",
		"sToleranceGroupKey": "",
		"sPrepayment": "",
		"sPrepaymentKey": "",
		"sDunnProcedure": "",
		"sDunnProcedureKey": "",
		"sDunningBlock": "",
		"sDunningBlockKey": "",
		"sDunnRecipient": "",
        "sDunnRecipientKey": "",
		"sLegalDunnProc": "",
		"sLastDunned": "",
		"sDunningLevel": "",
		"sDunningClerk": "",
		"sDunningClerkKey": "",
		"sDunningDataGroupingKey": "",
		"sDunningDataGroupingKeyKey": "",
		"sAcctgClerk": "",
		"sAcctgClerkKey": "",
		"sAcctWVendor": "",
		"sClerkAtVendor": "",
		"sActClkTelNo": "",
		"sClerkFax": "",
		"sClrkInternet": "",
		"sAccountMemo": ""
	},
	

	"oAccountInput": {
		"isEditable": true
	},
	 "oDialog": {
    	"sFilterLabel": "",
		"sDialogDes": "",
		"sDialogKey": "",
		"sTitle": ""
    },
	 "sSelectedInput": "",
	 "bError": false,
	 
     "oCashManagementGroup": {
		"cols": [{
			"label": "Cash Management Group",
			"template": "PlanningGroup",
			"width": "10rem"
		}, {
			"label": "Short Text",
			"template": "ShortText"
		}, {
			"label": "Description",
			"template": "Description"
		}]
	},
	
	  "oDunnProcedure": {
		"cols": [{
			"label": "Dunning Procedure",
			"template": "Procedure",
			"width": "10rem"
		}, {
			"label": "Name",
			"template": "Name"
		}]
	},
	 "oGroupingKey": {
		"cols": [{
			"label": "Grouping Key",
			"template": "GroupingKey",
			"width": "10rem"
		}, {
			"label": "Text",
			"template": "Text"
		}]
	},
	
	 "oPrepayment": {
		"cols": [{
			"label": "Prepayment",
			"template": "Prepayment",
			"width": "10rem"
		}, {
			"label": "Description",
			"template": "Description"
		}]
	},
	
		 "oReleaseGroup": {
		"cols": [{
			"label": "Release Group",
			"template": "ApprovalGroup",
			"width": "10rem"
		}, {
			"label": "Approval Group Name",
			"template": "ApprovalGroupName"
		}]
	},
		 "oExemptionAuthority": {
		"cols": [{
			"label": "Exemption Authority",
			"template": "ExemptionAuthority",
			"width": "10rem"
		}, {
			"label": "Short Description",
			"template": "ShortDescription"
		}]
	},
		 "oPaymentBlock": {
		"cols": [{
			"label": "Payment Block",
			"template": "BlockIndicator",
			"width": "10rem"
		}, {
			"label": "Description",
			"template": "Description"
		}]
	},
		 "oDunningBlock": {
		"cols": [{
			"label": "Dunning Block",
			"template": "Block",
			"width": "10rem"
		}, {
			"label": "Text",
			"template": "Text"
		}]
	},
	 "oAccountingClerk": {
		"cols": [{
			"label": "Name of Accounting Clerk",
			"template": "NameOfAccountingClerk",
			"width": "15rem"
		}, {
			"label": "Company Code",
			"template": "CompanyCode"
		}, {
			"label": "Accounting Clerk",
			"template": "Clerk"
		}]
	},
	
	"oWithholdingTaxCode": {
		"cols": [{
			"label": "Withholding Tax Code",
			"template": "WithholdingTaxCode",
			"width": "10rem"
		}, {
			"label": "Description",
			"template": "Description"
		}]
	},
	
	"oReconciliation": {
		"cols": [{
			"label": "GL Reconciliation Account",
			"template": "GLAccountNumber",
			"width": "15rem"
		}, {
			"label": "Description",
			"template": "Description"
		}]
	},
	
		"oCompanyCode": {
		"cols": [{
			"label": "Company Name",
			"template": "CompanyName",
			"width": "10rem"
		}, {
			"label": "City",
			"template": "City"
		},
		{
			"label": "Company Code",
			"template": "CompanyCode"
		},
		{
			"label": "Currency",
			"template": "Currency"
		}]
	},
	
	
	
	
	 "oDunnRecipient": {
		"cols": [{
			"label": "Postal Code",
			"template": "PostalCode",
			"width": "10rem"
		}, {
			"label": "Country",
			"template": "Country"
		},
		{
			"label": "City",
			"template": "City"
		},
		{
			"label": "Dunning Recipient",
			"template": "Vendor"
		},
		{
			"label": "SearchTerm",
			"template": "SearchTerm"
		},
		{
			"label": "Name1",
			"template": "Name1"
		}]
	},
	"oToleranceGroup" : {
		"cols": [{
			"label": "Tolerance Group",
			"template": "ToleranceGroup",
			"width": "10rem"
		}, {
			"label": "Name of Tolerance Group",
			"template": "NameOfToleranceGroup"
		}]
	},
	
	
		"oDunningDataGroupingKey" : {
		"cols": [{
			"label": "Grouping Key",
			"template": "GroupingKey",
			"width": "10rem"
		}, {
			"label": "Text",
			"template": "Text"
		}]
	},
		"oPaymentTerms" : {
		"cols": [{
			"label": "Own Explanation",
			"template": "OwnExplanation"
		
		}, {
			"label": "Payment Terms Key",
			"template": "PaymentTerms"
		}]
	},
	
	
		"oInterestCycle" : {
		"cols": [{
			"label": "Interest Cycle",
			"template": "InterestCycle",
			"width": "15rem"
		}, {
			"label": "Short Description",
			"template": "ShortDescription"
		}]
	},
		"oInvoiceToleranceGroup" : {
		"cols": [{
			"label": "Tolerance Group",
			"template": "ToleranceGroup",
			"width": "15rem"
		}, {
			"label": "Description",
			"template": "Description"
		}]
	},
	
		"oDunningClerk" : {
		"cols": [{
			"label": "Name of Accounting Clerk",
			"template": "NameOfAccountingClerk",
			"width": "15rem"
		}, {
			"label": "Company Code",
			"template": "CompanyCode"
		},
		{
			"label": "Dunning Clerk",
			"template": "Clerk"
		}]
	},

		"oPaymentMethods" : {
		"cols": [{
			"label": "Description",
			"template": "Description",
			"width": "15rem"
		}, {
			"label": "Incoming/Outgoing",
			"template": "IsIncomingOrOutgoing"
		},
		{
			"label": "Country Key",
			"template": "CountryKey"
		},
			{
			"label": "Payment Methods",
			"template": "PaymentMethods"
		}]
	}
}