<core:FragmentDefinition xmlns="sap.ui.comp.valuehelpdialog" class="sapUiSizeCompact" xmlns:m="sap.m" xmlns:fb="sap.ui.comp.filterbar"
	xmlns:core="sap.ui.core">
	<ValueHelpDialog title="{i18n>SELECT_MATERIAL}" ok=".onValueHelpOkPress" cancel=".onValueHelpCancelPress" afterClose=".onValueHelpAfterClose"
		supportMultiselect="false" key="MATERIAL" descriptionKey="MATL_DESC">
	    <filterBar>
			<fb:FilterBar advancedMode="true" search=".onFilterBarSearch">
				<fb:filterGroupItems>
					<fb:FilterGroupItem groupName="__$INTERNAL$" name="sFirst" label="Plant" visibleInFilterBar="true">
						<fb:control>
							<m:Input name="iPlant" value="{/item/PLANT}"/>
						</fb:control>
					</fb:FilterGroupItem>
					<fb:FilterGroupItem groupName="__$INTERNAL$" name="sSecond" label="Purchasing Group" visibleInFilterBar="true">
						<fb:control>
							<m:Input name="iPurchasingGroup" value="{/item/PUR_GROUP}" />
						</fb:control>
					</fb:FilterGroupItem>
				</fb:filterGroupItems>
			</fb:FilterBar>
		</filterBar>
	</ValueHelpDialog>
</core:FragmentDefinition>