{
	"_version": "3.0.0",
	"identification": {
		"id": "27264e09-90a0-48ac-831f-f1578ca0407f-1568968840761",
		"entityType": "bundle"
	},
	"payload": {
        "catalogs": [{
            "_version": "3.0.0",
            "identification": {
                "id": "defaultCatalogId",
                "title": "{{title}}",
                "entityType": "catalog",
                "i18n": "i18n/defaultCatalogId.properties"
            },
            "payload": {
                "viz": []
            }
        }],
		"groups": [{
			"_version": "3.0.0",
			"identification": {
				"id": "workflow",
				"title": "{{title}}",
				"entityType": "group",
				"i18n": "i18n/workflow.properties"
			},
			"payload": {
				"viz": [{
					"id": "cross.fnd.fiori.inbox-0-1568986171400",
					"appId": "cross.fnd.fiori.inbox",
					"vizId": "WorkflowTask-DisplayMyInbox"
				}]
			}
		}],
		"sites": [{
			"_version": "3.0.0",
			"identification": {
				"id": "65af0ce1-4cd7-4963-8688-db605e5d114e-1568968840761",
				"entityType": "site",
				"title": "SAP Fiori launchpad site on Cloud Foundry",
				"description": "SAP Fiori launchpad site on Cloud Foundry, deployed from SAP Web IDE"
			},
			"payload": {
				"config": {
					"ushellConfig": {
						"renderers": {
							"fiori2": {
								"componentData": {
									"config": {
										"applications": {
											"Shell-home": {}
										},
										"enableSearch": false,
										"enablePersonalization": true,
										"enableSetTheme": true,
										"enableSetLanguage": true
									}
								}
							}
						}
					}
				},
				"groupsOrder": ["workflow"],
				"sap.cloud.portal": {
					"config": {
						"theme.id": "sap_fiori_3",
						"theme.active": ["sap_fiori_3", "sap_belize_hcb", "sap_belize_hcw"]
					}
				}
			}
		}]
	}
}