{
    "welcomeFile": "/webapp/index.html",
    "routes": [
        {
            "path": "/resources",
            "target": {
                "type": "service",
                "name": "sapui5",
                "entryPath": "/resources"
            },
            "description": "SAPUI5 Resources"
        },
        {
            "path": "/test-resources",
            "target": {
                "type": "service",
                "name": "sapui5",
                "entryPath": "/test-resources"
            },
            "description": "SAPUI5 Test Resources"
        }
    ],
    "sendWelcomeFileRedirect": true
}