<core:FragmentDefinition xmlns="sap.ui.comp.valuehelpdialog" class="sapUiSizeCompact" xmlns:m="sap.m" xmlns:fb="sap.ui.comp.filterbar"
	xmlns:core="sap.ui.core">
	<ValueHelpDialog title="{mCommon>/oDialog/sTitle}" ok=".onValueHelpOkPress" cancel=".onValueHelpCancelPress" afterClose=".onValueHelpAfterClose"
		supportMultiselect="false" key="{mCommon>/oDialog/sDialogKey}" descriptionKey="{mCommon>/oDialog/sDialogDes}">
	<filterBar>
			<fb:FilterBar advancedMode="true" search=".onFilterBarSearch">
				<fb:filterGroupItems>
					<fb:FilterGroupItem groupName="__$INTERNAL$" name="sFirst" label="Number Range" visibleInFilterBar="true">
						<fb:control>
							<m:Input name="NumberRange"/>
						</fb:control>
					</fb:FilterGroupItem>
					<fb:FilterGroupItem groupName="__$INTERNAL$" name="sSecond" label="Account Group" visibleInFilterBar="true">
						<fb:control>
							<m:Input name="AccountGroup"/>
						</fb:control>
					</fb:FilterGroupItem>
					<fb:FilterGroupItem groupName="__$INTERNAL$" name="sThird" label="Name" visibleInFilterBar="true">
						<fb:control>
							<m:Input name="Name"/>
						</fb:control>
					</fb:FilterGroupItem>
				</fb:filterGroupItems>
			</fb:FilterBar>
		</filterBar>
	</ValueHelpDialog>
</core:FragmentDefinition>