{
<<<<<<< HEAD
  "controller/DisplayPurchaseInfoRecord-dbg.controller.js": 1594056212000,
  "controller/ChangePurchaseInfoRecord.controller.js": 1594098861103,
  "test/unit/controller/Create.controller.js": 1592556463000,
  "test/integration/pages/Create.js": 1592556463000,
  "test/integration/arrangements/Startup.js": 1592556463000,
  "test/unit/unitTests.qunit.js": 1592556463000,
  "test/unit/AllTests.js": 1592556463000,
  "test/integration/opaTests.qunit.js": 1592556463000,
  "test/integration/NavigationJourney.js": 1592556463000,
  "test/integration/AllJourneys.js": 1592556463000,
  "test/testsuite.qunit.js": 1592556463000,
  "model/models.js": 1592668675000,
  "controller/Master.controller.js": 1594055859000,
  "controller/DisplayPurchaseInfoRecord.controller.js": 1594056212000,
  "controller/CreatePurchaseInfoRecord.controller.js": 1594098873763,
  "manifest.json": 1594098901193,
  "Component.js": 1593246138000,
  "manifest-bundle.zip": 1594098900434,
  "Component-preload.js": 1594098900984,
  "controller/ChangePurchaseInfoRecord-dbg.controller.js": 1594098861103,
  "test/integration/pages/Create-dbg.js": 1592556463000,
  "test/integration/arrangements/Startup-dbg.js": 1592556463000,
  "test/unit/unitTests.qunit-dbg.js": 1592556463000,
  "test/unit/AllTests-dbg.js": 1592556463000,
  "test/integration/opaTests.qunit-dbg.js": 1592556463000,
  "test/integration/NavigationJourney-dbg.js": 1592556463000,
  "test/integration/AllJourneys-dbg.js": 1592556463000,
  "test/testsuite.qunit-dbg.js": 1592556463000,
  "model/models-dbg.js": 1592668675000,
  "controller/Master-dbg.controller.js": 1594055859000,
  "i18n/i18n.properties": 1594016080000,
  "controller/CreatePurchaseInfoRecord-dbg.controller.js": 1594098873763,
  "test/unit/controller/Create-dbg.controller.js": 1592556463000,
  "Component-dbg.js": 1593246138000,
  "resources.json": 1594098901207,
  "di.code-validation.core_issues.json": 1594098902314,
  "test/unit/unitTests.qunit.html": 1592556463000,
  "test/integration/opaTests.qunit.html": 1592556463000,
  "view/Master.view.xml": 1593259855000,
  "view/DisplayPurchaseInfoRecord.view.xml": 1593777046000,
  "view/CreatePurchaseInfoRecord.view.xml": 1594098701694,
  "view/ChangePurchaseInfoRecord.view.xml": 1594097521061,
  "test/testsuite.qunit.html": 1592556463000,
  "fragments/Vendor.fragment.xml": 1593943773000,
  "fragments/PurchaseOrganization.fragment.xml": 1593943820000,
  "fragments/PurchaseGroup.fragment.xml": 1593943841000,
  "fragments/Plant.fragment.xml": 1593943858000,
  "fragments/OrderUnit.fragment.xml": 1593943877000,
  "fragments/MaterialGroup.fragment.xml": 1593943794000,
  "fragments/Material.fragment.xml": 1593941144000,
  "fragments/Currency.fragment.xml": 1593943897000,
  "css/style.css": 1592556463000,
  "index.html": 1593485371000
=======
  "index.html": 1594105244076,
  "test/unit/controller/Create.controller.js": 1594105244088,
  "manifest.json": 1594107790715,
  "test/integration/pages/Create.js": 1594105244096,
  "test/integration/arrangements/Startup.js": 1594105244092,
  "test/unit/unitTests.qunit.js": 1594105244088,
  "test/unit/AllTests.js": 1594105244088,
  "test/integration/opaTests.qunit.js": 1594105244096,
  "test/integration/NavigationJourney.js": 1594105244092,
  "test/integration/AllJourneys.js": 1594105244092,
  "test/testsuite.qunit.js": 1594105244100,
  "model/models.js": 1594105244384,
  "controller/Master.controller.js": 1594105244228,
  "controller/DisplayPurchaseInfoRecord.controller.js": 1594105244372,
  "controller/CreatePurchaseInfoRecord.controller.js": 1594107754755,
  "controller/ChangePurchaseInfoRecord.controller.js": 1594107730978,
  "Component.js": 1594105244384,
  "manifest-bundle.zip": 1594107789879,
  "Component-preload.js": 1594107790499,
  "test/unit/AllTests-dbg.js": 1594105244088,
  "test/integration/pages/Create-dbg.js": 1594105244096,
  "test/integration/arrangements/Startup-dbg.js": 1594105244092,
  "test/unit/unitTests.qunit-dbg.js": 1594105244088,
  "test/unit/controller/Create-dbg.controller.js": 1594105244088,
  "test/integration/opaTests.qunit-dbg.js": 1594105244096,
  "test/integration/NavigationJourney-dbg.js": 1594105244092,
  "test/integration/AllJourneys-dbg.js": 1594105244092,
  "test/testsuite.qunit-dbg.js": 1594105244100,
  "model/models-dbg.js": 1594105244384,
  "controller/Master-dbg.controller.js": 1594105244228,
  "controller/DisplayPurchaseInfoRecord-dbg.controller.js": 1594105244372,
  "controller/CreatePurchaseInfoRecord-dbg.controller.js": 1594107754755,
  "controller/ChangePurchaseInfoRecord-dbg.controller.js": 1594107730978,
  "Component-dbg.js": 1594105244384,
  "resources.json": 1594107790723,
  "di.code-validation.core_issues.json": 1594107791841,
  "test/unit/unitTests.qunit.html": 1594105244084,
  "test/integration/opaTests.qunit.html": 1594105244096,
  "view/Master.view.xml": 1594105244408,
  "view/DisplayPurchaseInfoRecord.view.xml": 1594105244408,
  "view/CreatePurchaseInfoRecord.view.xml": 1594105244408,
  "view/ChangePurchaseInfoRecord.view.xml": 1594105244404,
  "test/testsuite.qunit.html": 1594105244100,
  "fragments/Vendor.fragment.xml": 1594105244080,
  "fragments/PurchaseOrganization.fragment.xml": 1594105244080,
  "fragments/PurchaseGroup.fragment.xml": 1594105244084,
  "fragments/Plant.fragment.xml": 1594105244080,
  "fragments/OrderUnit.fragment.xml": 1594105244080,
  "fragments/MaterialGroup.fragment.xml": 1594105244084,
  "fragments/Material.fragment.xml": 1594105244084,
  "fragments/Currency.fragment.xml": 1594105244080,
  "css/style.css": 1594105244100,
  "i18n/i18n.properties": 1594105244408
>>>>>>> 9e6831da1019696695e6594970d5f3ccb26b9d4a
}