{
    "_version": "3.0.0",
    "identification": {
        "id": "sap.pf.pfc",
        "entityType": "businessapp",
        "i18n": "i18n/businessApps.properties"
    },
    "payload": {
        "visualizations": {
            "wm-configuresapcapitalexpenditureapprovalprocessPackage": {
                "vizType": "sap.ushell.StaticAppLauncher",
                "vizConfig": {
                    "sap.app": {
                        "title": "{{sapcapitalexpenditureapprovalprocessAppTitle}}"
                    },
                    "sap.flp": {
                        "target": {
                            "inboundId": "wm-configurepackage",
                            "parameters": {
                                "packageId": {
                                    "value": {
                                        "value": "sapcapitalexpenditureapprovalprocess",
                                        "format": "plain"
                                    }
                                }
                            }
                        }
                    }
                }
            }
        }
    }
}