{
    "RequestId": "IAP-2020-176",
    "Title": "New Soft",
    "Requester": {
        "FirstName": "Daniil",
        "LastName": "Bolobonov",
        "Email": "daniil.bolobonov@sap.com",
        "UserId": "Daniil",
        "Comments": "Please Approve"
    },
    "ApprovalSteps": [
        {
            "StepId": "Local Manager",
            "DueDuration": 3,
            "Approver": "Daniil",
            "CommentForApprover": "",
            "StepNumber": 1,
            "Email": "daniil.bolobonov@sap.com",
            "ApproverComments": [
                {
                    "Comment": ""
                }
            ]
        }
    ],
    "Attachments": [
        {
            "objectId": "1",
            "name": "name"
        }
    ]
}