{
	"welcomeFile": "/index.html",
	"authenticationMethod": "route",
	"logout": {
		"logoutEndpoint": "/do/logout"
	},
	"routes": [{
		"source": "^/bpmworkflowruntime/(.*)$",
		"target": "/$1",
		"service": "com.sap.bpm.workflow",
		"endpoint": "workflow_rest_url",
		"authenticationType": "xsuaa"
    },{
		"source": "^/S4HANA_Dest/(.*)$",
		"target": "/$1",
		"destination": "S4HANA_Cloud",
		"authenticationType": "none"
	},{
		"source": "^(.*)$",
		"target": "$1",
		"service": "html5-apps-repo-rt",
		"authenticationType": "xsuaa"
	}]
}