{
  "test/integration/pages/App-dbg.js": 1611065371124,
  "test/unit/AllTests.js": 1611065371124,
  "manifest.json": 1611557108742,
  "test/unit/controller/App.controller.js": 1611065371124,
  "test/integration/pages/App.js": 1611065371124,
  "test/integration/arrangements/Startup.js": 1611065371124,
  "test/unit/unitTests.qunit.js": 1611065371124,
  "model/Property.json": 1611065371124,
  "test/integration/opaTests.qunit.js": 1611065371124,
  "test/integration/NavigationJourney.js": 1611065371124,
  "test/integration/AllJourneys.js": 1611065371124,
  "test/testsuite.qunit.js": 1611065371124,
  "model/models.js": 1611065371124,
  "controller/Vendoroboarding.controller.js": 1611130327818,
  "controller/BaseController.js": 1611065371124,
  "controller/App.controller.js": 1611065371124,
  "Component.js": 1611065371124,
  "manifest-bundle.zip": 1611557108448,
  "Component-preload.js": 1611557108656,
  "test/unit/unitTests.qunit-dbg.js": 1611065371124,
  "i18n/i18n.properties": 1611065371124,
  "test/integration/arrangements/Startup-dbg.js": 1611065371124,
  "test/unit/controller/App-dbg.controller.js": 1611065371124,
  "test/unit/AllTests-dbg.js": 1611065371124,
  "test/integration/opaTests.qunit-dbg.js": 1611065371124,
  "test/integration/NavigationJourney-dbg.js": 1611065371124,
  "test/integration/AllJourneys-dbg.js": 1611065371124,
  "test/testsuite.qunit-dbg.js": 1611065371124,
  "model/models-dbg.js": 1611065371124,
  "controller/Vendoroboarding-dbg.controller.js": 1611130327818,
  "controller/BaseController-dbg.js": 1611065371124,
  "controller/App-dbg.controller.js": 1611065371124,
  "Component-dbg.js": 1611065371124,
  "resources.json": 1611557108745,
  "di.code-validation.core_issues.json": 1611557109579,
  "test/unit/unitTests.qunit.html": 1611065371124,
  "test/integration/opaTests.qunit.html": 1611065371124,
  "view/Vendoroboarding.view.xml": 1611138373163,
  "view/App.view.xml": 1611065371124,
  "test/testsuite.qunit.html": 1611065371124,
  "fragments/BusinessValueHelp.fragment.xml": 1611065371124,
  "css/style.css": 1611065371124,
  "index.html": 1611065371124
}